Sample,Raw Reads,On-Target Reads,%On-Target,%GT,IFI,10435_x1_FemaleLG_2_FemalePos_160.46_MaleLG_2_MalePos_6.33_duplicated_no,1190_x1_FemaleLG_22_FemalePos_118.15_MaleLG_NA_MalePos_NA_duplicated_no,11921_x1_FemaleLG_10_FemalePos_69.91_MaleLG_NA_MalePos_NA_duplicated_no,13920_x1_FemaleLG_28_FemalePos_19.73_MaleLG_28_MalePos_9.42_duplicated_no,140571_x1_FemaleLG_24_FemalePos_12_MaleLG_24_MalePos_74.04_duplicated_no,148926_x1_FemaleLG_14_FemalePos_97.92_MaleLG_NA_MalePos_NA_duplicated_no,15021_x1_FemaleLG_7_FemalePos_112.76_MaleLG_7_MalePos_77.7_duplicated_no,1522_x1_FemaleLG_17_FemalePos_90.38_MaleLG_NA_MalePos_NA_duplicated_no,15270_x1_FemaleLG_9.5_FemalePos_0.02_MaleLG_NA_MalePos_NA_duplicated_no,16079_x1_FemaleLG_23_FemalePos_144.61_MaleLG_NA_MalePos_NA_duplicated_no,16089_x1_FemaleLG_16_FemalePos_45.82_MaleLG_NA_MalePos_NA_duplicated_no,16292_x1_FemaleLG_20_FemalePos_17.32_MaleLG_NA_MalePos_NA_duplicated_no,17134_x1_FemaleLG_23_FemalePos_152.67_MaleLG_NA_MalePos_NA_duplicated_no,17160_x1_FemaleLG_2_FemalePos_167.21_MaleLG_2_MalePos_6.33_duplicated_no,17413_x1_FemaleLG_3_FemalePos_58.45_MaleLG_3_MalePos_80.13_duplicated_no,18427_x1_FemaleLG_12_FemalePos_36.9_MaleLG_NA_MalePos_NA_duplicated_no,19130_x1_FemaleLG_17_FemalePos_27.59_MaleLG_NA_MalePos_NA_duplicated_no,19329_x1_FemaleLG_18_FemalePos_2.62_MaleLG_NA_MalePos_NA_duplicated_no,20165_x1_FemaleLG_7_FemalePos_127.81_MaleLG_7_MalePos_82.59_duplicated_no,20287_x1_FemaleLG_9.5_FemalePos_69.84_MaleLG_9_MalePos_3.73_duplicated_no,20996_x1_FemaleLG_27_FemalePos_187.95_MaleLG_27_MalePos_8.25_duplicated_no,21090_x1_FemaleLG_4_FemalePos_128.3_MaleLG_4_MalePos_0_duplicated_no,2165_x1_FemaleLG_15_FemalePos_2.51_MaleLG_NA_MalePos_NA_duplicated_no,22189_x1_FemaleLG_26_FemalePos_36.75_MaleLG_NA_MalePos_NA_duplicated_no,22985_x1_FemaleLG_9_FemalePos_62.65_MaleLG_NA_MalePos_NA_duplicated_no,24253_x1_FemaleLG_20_FemalePos_136.01_MaleLG_NA_MalePos_NA_duplicated_no,24788_x1_FemaleLG_4_FemalePos_109.19_MaleLG_NA_MalePos_NA_duplicated_no,24805_x1_FemaleLG_7_FemalePos_12.91_MaleLG_NA_MalePos_NA_duplicated_no,25134_x1_FemaleLG_22_FemalePos_89_MaleLG_NA_MalePos_NA_duplicated_no,25232_x1_FemaleLG_19_FemalePos_105.18_MaleLG_NA_MalePos_NA_duplicated_no,25836_x1_FemaleLG_24_FemalePos_87.51_MaleLG_24_MalePos_74.04_duplicated_no,25943_x1_FemaleLG_4_FemalePos_109.01_MaleLG_4_MalePos_154.59_duplicated_no,26180_x1_FemaleLG_20_FemalePos_0.92_MaleLG_NA_MalePos_NA_duplicated_no,26713_x1_FemaleLG_15_FemalePos_2.51_MaleLG_NA_MalePos_NA_duplicated_no,28170_x1_FemaleLG_8_FemalePos_12.53_MaleLG_NA_MalePos_NA_duplicated_no,28252_x1_FemaleLG_12_FemalePos_137.16_MaleLG_NA_MalePos_NA_duplicated_no,30945_x1_FemaleLG_7_FemalePos_121.56_MaleLG_7_MalePos_74.22_duplicated_no,32156_x1_FemaleLG_4_FemalePos_1.85_MaleLG_NA_MalePos_NA_duplicated_no,32179_x1_FemaleLG_21_FemalePos_114.57_MaleLG_21_MalePos_5.93_duplicated_no,32395_x1_FemaleLG_2_FemalePos_119.54_MaleLG_NA_MalePos_NA_duplicated_no,32606_x1_FemaleLG_11_FemalePos_40.04_MaleLG_NA_MalePos_NA_duplicated_no,33088_x1_FemaleLG_3_FemalePos_97.71_MaleLG_NA_MalePos_NA_duplicated_no,33846_x1_FemaleLG_14_FemalePos_94.47_MaleLG_NA_MalePos_NA_duplicated_no,34020_x1_FemaleLG_12_FemalePos_61.97_MaleLG_NA_MalePos_NA_duplicated_no,34319_x1_FemaleLG_5_FemalePos_65.75_MaleLG_NA_MalePos_NA_duplicated_no,35308_x1_FemaleLG_10_FemalePos_58.75_MaleLG_NA_MalePos_NA_duplicated_no,35778_x1_FemaleLG_22_FemalePos_134.67_MaleLG_NA_MalePos_NA_duplicated_no,36066_x1_FemaleLG_9.5_FemalePos_12.95_MaleLG_9_MalePos_63.09_duplicated_no,36611_x1_FemaleLG_9_FemalePos_33.66_MaleLG_NA_MalePos_NA_duplicated_no,38155_x1_FemaleLG_24_FemalePos_19.16_MaleLG_NA_MalePos_NA_duplicated_no,3925_x1_FemaleLG_9.5_FemalePos_69.84_MaleLG_NA_MalePos_NA_duplicated_no,39887_x1_FemaleLG_23_FemalePos_46.06_MaleLG_NA_MalePos_NA_duplicated_no,3990_x1_FemaleLG_20_FemalePos_0.34_MaleLG_NA_MalePos_NA_duplicated_no,40181_x1_FemaleLG_4_FemalePos_125.5_MaleLG_NA_MalePos_NA_duplicated_no,40760_x1_FemaleLG_13_FemalePos_114.27_MaleLG_13_MalePos_51.63_duplicated_no,40986_x1_FemaleLG_2_FemalePos_132.69_MaleLG_2_MalePos_6.33_duplicated_no,41127_x1_FemaleLG_13_FemalePos_116.77_MaleLG_NA_MalePos_NA_duplicated_no,41305_x1_FemaleLG_12_FemalePos_18.34_MaleLG_NA_MalePos_NA_duplicated_no,41430_x1_FemaleLG_27_FemalePos_108.8_MaleLG_NA_MalePos_NA_duplicated_no,41597_x1_FemaleLG_13_FemalePos_123.01_MaleLG_NA_MalePos_NA_duplicated_no,41816_x1_FemaleLG_20_FemalePos_49.43_MaleLG_20_MalePos_61.95_duplicated_no,42145_x1_FemaleLG_5_FemalePos_55.91_MaleLG_NA_MalePos_NA_duplicated_no,42262_x1_FemaleLG_1_FemalePos_29.4_MaleLG_1_MalePos_38.24_duplicated_no,42470_x1_FemaleLG_25_FemalePos_37.2_MaleLG_NA_MalePos_NA_duplicated_no,42494_x1_FemaleLG_27_FemalePos_181.59_MaleLG_NA_MalePos_NA_duplicated_no,42803_x1_FemaleLG_14_FemalePos_158.4_MaleLG_NA_MalePos_NA_duplicated_no,42895_x1_FemaleLG_21_FemalePos_51_MaleLG_21_MalePos_5.93_duplicated_no,42962_x1_FemaleLG_1_FemalePos_29.4_MaleLG_1_MalePos_38.91_duplicated_no,4325_x1_FemaleLG_1_FemalePos_20.28_MaleLG_NA_MalePos_NA_duplicated_no,43329_x1_FemaleLG_14_FemalePos_36.12_MaleLG_14_MalePos_51.29_duplicated_no,43875_x1_FemaleLG_3_FemalePos_23.39_MaleLG_NA_MalePos_NA_duplicated_no,45004_x1_FemaleLG_3_FemalePos_30.09_MaleLG_NA_MalePos_NA_duplicated_no,45069_x1_FemaleLG_18_FemalePos_2.62_MaleLG_NA_MalePos_NA_duplicated_no,45699_x1_FemaleLG_23_FemalePos_103.34_MaleLG_NA_MalePos_NA_duplicated_no,45801_x1_FemaleLG_26_FemalePos_66.27_MaleLG_NA_MalePos_NA_duplicated_no,46097_x1_FemaleLG_10_FemalePos_164.88_MaleLG_NA_MalePos_NA_duplicated_no,46688_x1_FemaleLG_3_FemalePos_27.85_MaleLG_NA_MalePos_NA_duplicated_no,46693_x1_FemaleLG_14_FemalePos_156.9_MaleLG_14_MalePos_51.29_duplicated_no,46780_x1_FemaleLG_21_FemalePos_105.45_MaleLG_NA_MalePos_NA_duplicated_no,47310_x1_FemaleLG_27_FemalePos_174.7_MaleLG_NA_MalePos_NA_duplicated_no,47893_x1_FemaleLG_13_FemalePos_134.09_MaleLG_NA_MalePos_NA_duplicated_no,47927_x1_FemaleLG_27_FemalePos_199.03_MaleLG_NA_MalePos_NA_duplicated_no,48011_x1_FemaleLG_10_FemalePos_83.89_MaleLG_NA_MalePos_NA_duplicated_no,48190_x1_FemaleLG_22_FemalePos_38.92_MaleLG_22_MalePos_9.61_duplicated_no,48901_x1_FemaleLG_25_FemalePos_7.7_MaleLG_NA_MalePos_NA_duplicated_no,49339_x1_FemaleLG_12_FemalePos_76.58_MaleLG_NA_MalePos_NA_duplicated_no,50267_x1_FemaleLG_2_FemalePos_190.17_MaleLG_NA_MalePos_NA_duplicated_no,50618_x1_FemaleLG_13_FemalePos_111.18_MaleLG_NA_MalePos_NA_duplicated_no,51026_x1_FemaleLG_26_FemalePos_115.66_MaleLG_NA_MalePos_NA_duplicated_no,51371_x1_FemaleLG_5_FemalePos_123.18_MaleLG_NA_MalePos_NA_duplicated_no,51419_x1_FemaleLG_15_FemalePos_106.37_MaleLG_15_MalePos_26.56_duplicated_no,51535_x1_FemaleLG_19_FemalePos_1.71_MaleLG_19_MalePos_24.96_duplicated_no,52232_x1_FemaleLG_19_FemalePos_1.71_MaleLG_NA_MalePos_NA_duplicated_no,53413_x1_FemaleLG_1_FemalePos_21.6_MaleLG_NA_MalePos_NA_duplicated_no,5404_x1_FemaleLG_26_FemalePos_144.17_MaleLG_NA_MalePos_NA_duplicated_no,54792_x1_FemaleLG_19_FemalePos_15.32_MaleLG_NA_MalePos_NA_duplicated_no,55083_x1_FemaleLG_6_FemalePos_45.89_MaleLG_NA_MalePos_NA_duplicated_no,55092_x1_FemaleLG_24_FemalePos_43.95_MaleLG_NA_MalePos_NA_duplicated_no,55250_x1_FemaleLG_23_FemalePos_151.52_MaleLG_NA_MalePos_NA_duplicated_no,5543_x1_FemaleLG_3_FemalePos_28.95_MaleLG_3_MalePos_79.28_duplicated_no,56510_x1_FemaleLG_17_FemalePos_24.5_MaleLG_NA_MalePos_NA_duplicated_no,58962_x1_FemaleLG_5_FemalePos_37.94_MaleLG_5_MalePos_82.21_duplicated_no,59148_x1_FemaleLG_12_FemalePos_137.16_MaleLG_12_MalePos_23.75_duplicated_no,59154_x1_FemaleLG_26_FemalePos_22.09_MaleLG_26_MalePos_17.58_duplicated_no,59208_x1_FemaleLG_20_FemalePos_38.77_MaleLG_NA_MalePos_NA_duplicated_no,59386_x1_FemaleLG_13_FemalePos_2.44_MaleLG_13_MalePos_34.91_duplicated_no,59438_x1_FemaleLG_24_FemalePos_31.35_MaleLG_24_MalePos_74.04_duplicated_no,60125_x1_FemaleLG_12_FemalePos_107.93_MaleLG_NA_MalePos_NA_duplicated_no,61378_x1_FemaleLG_5_FemalePos_62.93_MaleLG_5_MalePos_81.88_duplicated_no,61477_x1_FemaleLG_12_FemalePos_99.36_MaleLG_12_MalePos_23.75_duplicated_no,61911_x1_FemaleLG_11_FemalePos_2.03_MaleLG_NA_MalePos_NA_duplicated_no,6192_x1_FemaleLG_23_FemalePos_115.11_MaleLG_23_MalePos_36.31_duplicated_no,62343_x1_FemaleLG_2_FemalePos_180.01_MaleLG_NA_MalePos_NA_duplicated_no,62701_x1_FemaleLG_20_FemalePos_89.51_MaleLG_NA_MalePos_NA_duplicated_no,62794_x1_FemaleLG_24_FemalePos_113.88_MaleLG_24_MalePos_73.71_duplicated_no,63267_x1_FemaleLG_23_FemalePos_74.69_MaleLG_23_MalePos_33.76_duplicated_no,63617_x1_FemaleLG_17_FemalePos_78.03_MaleLG_NA_MalePos_NA_duplicated_no,63641_x1_FemaleLG_23_FemalePos_151.52_MaleLG_NA_MalePos_NA_duplicated_no,64177_x1_FemaleLG_26_FemalePos_61.4_MaleLG_NA_MalePos_NA_duplicated_no,64254_x1_FemaleLG_20_FemalePos_130.3_MaleLG_NA_MalePos_NA_duplicated_no,64373_x1_FemaleLG_1_FemalePos_6.9_MaleLG_NA_MalePos_NA_duplicated_no,65450_x1_FemaleLG_23_FemalePos_130.26_MaleLG_NA_MalePos_NA_duplicated_no,65635_x1_FemaleLG_15_FemalePos_118.76_MaleLG_15_MalePos_29.1_duplicated_no,6586_x1_FemaleLG_13_FemalePos_2.13_MaleLG_NA_MalePos_NA_duplicated_no,66198_x1_FemaleLG_17_FemalePos_95.68_MaleLG_NA_MalePos_NA_duplicated_no,66417_x1_FemaleLG_2_FemalePos_126.15_MaleLG_NA_MalePos_NA_duplicated_no,66423_x1_FemaleLG_18_FemalePos_47.83_MaleLG_NA_MalePos_NA_duplicated_no,66661_x1_FemaleLG_20_FemalePos_0.92_MaleLG_NA_MalePos_NA_duplicated_no,66740_x1_FemaleLG_21_FemalePos_40.02_MaleLG_NA_MalePos_NA_duplicated_no,67192_x1_FemaleLG_25_FemalePos_59.76_MaleLG_25_MalePos_5.01_duplicated_no,67695_x1_FemaleLG_27_FemalePos_187.95_MaleLG_NA_MalePos_NA_duplicated_no,68741_x1_FemaleLG_27_FemalePos_184.73_MaleLG_NA_MalePos_NA_duplicated_no,68954_x1_FemaleLG_28_FemalePos_92.81_MaleLG_28_MalePos_12.6_duplicated_no,68986_x1_FemaleLG_20_FemalePos_0.92_MaleLG_20_MalePos_57.28_duplicated_no,69235_x1_FemaleLG_20_FemalePos_77.79_MaleLG_NA_MalePos_NA_duplicated_no,694_x1_FemaleLG_2_FemalePos_81.1_MaleLG_NA_MalePos_NA_duplicated_no,6966_x1_FemaleLG_28_FemalePos_122.78_MaleLG_NA_MalePos_NA_duplicated_no,69839_x1_FemaleLG_11_FemalePos_3.24_MaleLG_NA_MalePos_NA_duplicated_no,69876_x1_FemaleLG_8_FemalePos_9.73_MaleLG_NA_MalePos_NA_duplicated_no,69926_x1_FemaleLG_10_FemalePos_76.26_MaleLG_NA_MalePos_NA_duplicated_no,70025_x1_FemaleLG_19_FemalePos_107.94_MaleLG_NA_MalePos_NA_duplicated_no,70513_x1_FemaleLG_12_FemalePos_129.58_MaleLG_NA_MalePos_NA_duplicated_no,70556_x1_FemaleLG_18_FemalePos_11.68_MaleLG_NA_MalePos_NA_duplicated_no,70578_x1_FemaleLG_11_FemalePos_75.63_MaleLG_NA_MalePos_NA_duplicated_no,71035_x1_FemaleLG_3_FemalePos_138.85_MaleLG_NA_MalePos_NA_duplicated_no,71347_x1_FemaleLG_13_FemalePos_53.22_MaleLG_NA_MalePos_NA_duplicated_no,71618_x1_FemaleLG_8_FemalePos_50.58_MaleLG_NA_MalePos_NA_duplicated_no,71633_x1_FemaleLG_10_FemalePos_164.88_MaleLG_NA_MalePos_NA_duplicated_no,71787_x1_FemaleLG_19_FemalePos_0_MaleLG_NA_MalePos_NA_duplicated_no,73175_x1_FemaleLG_24_FemalePos_22.18_MaleLG_NA_MalePos_NA_duplicated_no,73217_x1_FemaleLG_4_FemalePos_5.64_MaleLG_NA_MalePos_NA_duplicated_no,73223_x1_FemaleLG_16_FemalePos_64.41_MaleLG_NA_MalePos_NA_duplicated_no,73750_x1_FemaleLG_15_FemalePos_123.11_MaleLG_NA_MalePos_NA_duplicated_no,74823_x1_FemaleLG_4_FemalePos_26.92_MaleLG_NA_MalePos_NA_duplicated_no,75106_x1_FemaleLG_17_FemalePos_92.59_MaleLG_17_MalePos_47.24_duplicated_no,75377_x1_FemaleLG_24_FemalePos_104.3_MaleLG_24_MalePos_74.04_duplicated_no,75670_x1_FemaleLG_9_FemalePos_57.78_MaleLG_9_MalePos_63.44_duplicated_no,76182_x1_FemaleLG_16_FemalePos_25.71_MaleLG_NA_MalePos_NA_duplicated_no,76633_x1_FemaleLG_28_FemalePos_105.06_MaleLG_28_MalePos_11.45_duplicated_no,76644_x1_FemaleLG_24_FemalePos_1.36_MaleLG_NA_MalePos_NA_duplicated_no,77304_x1_FemaleLG_4_FemalePos_63.04_MaleLG_NA_MalePos_NA_duplicated_no,77322_x1_FemaleLG_2_FemalePos_9.04_MaleLG_NA_MalePos_NA_duplicated_no,77389_x1_FemaleLG_7_FemalePos_130.42_MaleLG_7_MalePos_140.8_duplicated_no,77537_x1_FemaleLG_7_FemalePos_0.65_MaleLG_7_MalePos_18.19_duplicated_no,77739_x1_FemaleLG_24_FemalePos_59.65_MaleLG_24_MalePos_74.04_duplicated_no,7896_x1_FemaleLG_6_FemalePos_31.28_MaleLG_6_MalePos_29.84_duplicated_no,79246_x1_FemaleLG_25_FemalePos_65.5_MaleLG_NA_MalePos_NA_duplicated_no,79678_x1_FemaleLG_11_FemalePos_46.79_MaleLG_NA_MalePos_NA_duplicated_no,80347_x1_FemaleLG_24_FemalePos_10.11_MaleLG_24_MalePos_73.71_duplicated_no,80427_x1_FemaleLG_13_FemalePos_31.3_MaleLG_NA_MalePos_NA_duplicated_no,80476_x1_FemaleLG_27_FemalePos_187.95_MaleLG_NA_MalePos_NA_duplicated_no,81751_x1_FemaleLG_10_FemalePos_126.96_MaleLG_NA_MalePos_NA_duplicated_no,82061_x1_FemaleLG_18_FemalePos_23.67_MaleLG_NA_MalePos_NA_duplicated_no,82797_x1_FemaleLG_15_FemalePos_23.86_MaleLG_15_MalePos_26.56_duplicated_no,83277_x1_FemaleLG_1_FemalePos_44.37_MaleLG_NA_MalePos_NA_duplicated_no,84099_x1_FemaleLG_2_FemalePos_160.44_MaleLG_NA_MalePos_NA_duplicated_no,84361_x1_FemaleLG_22_FemalePos_2.27_MaleLG_22_MalePos_14.96_duplicated_no,85113_x1_FemaleLG_11_FemalePos_120.3_MaleLG_NA_MalePos_NA_duplicated_no,85188_x1_FemaleLG_12_FemalePos_50.66_MaleLG_NA_MalePos_NA_duplicated_no,87740_x1_FemaleLG_25_FemalePos_79.41_MaleLG_NA_MalePos_NA_duplicated_no,87784_x1_FemaleLG_23_FemalePos_152.09_MaleLG_NA_MalePos_NA_duplicated_no,87930_x1_FemaleLG_22_FemalePos_120.35_MaleLG_NA_MalePos_NA_duplicated_no,88029_x1_FemaleLG_4_FemalePos_81.57_MaleLG_NA_MalePos_NA_duplicated_no,88165_x1_FemaleLG_9_FemalePos_21.11_MaleLG_NA_MalePos_NA_duplicated_no,88385_x1_FemaleLG_3_FemalePos_23.39_MaleLG_NA_MalePos_NA_duplicated_no,88477_x1_FemaleLG_21_FemalePos_50.2_MaleLG_NA_MalePos_NA_duplicated_no,90426_x1_FemaleLG_28_FemalePos_147.61_MaleLG_NA_MalePos_NA_duplicated_no,90668_x1_FemaleLG_2_FemalePos_140.66_MaleLG_NA_MalePos_NA_duplicated_no,9094_x1_FemaleLG_9.5_FemalePos_42.23_MaleLG_NA_MalePos_NA_duplicated_no,91014_x1_FemaleLG_19_FemalePos_79.82_MaleLG_NA_MalePos_NA_duplicated_no,91174_x1_FemaleLG_4_FemalePos_116.64_MaleLG_NA_MalePos_NA_duplicated_no,9801_x1_FemaleLG_28_FemalePos_166.1_MaleLG_NA_MalePos_NA_duplicated_no,CM007935.1_58705602,CM007936.1_49191445,CM007937.1_46498807,CM007937.1_79177957,CM007938.1_39582775,CM007938.1_54555339,CM007939.1_22667021,CM007939.1_42004547,CM007940.1_11924905,CM007941.1_5054056,CM007941.1_66636367,CM007943.1_20956599,CM007943.1_36668490,CM007945.1_20223366,CM007945.1_73355502,CM007946.1_41540980,CM007946.1_50042193,CM007948.1_16388566,CM007950.1_35291325,CM007951.1_45932807,CM007952.1_15275433,CM007952.1_22767220,CM007952.1_31025908,CM007952.1_40684241,CM007953.1_52343952,CM007954.1_26490626,CM007957.1_1049506,CM007959.1_58156760,CM007959.1_64887387,CM007959.1_66398204,CM007960.1_12990094,CM007960.1_9441629,CM007961.1_27561901,CM007962.1_10813625,CM007963.1_29424723,One_RAD24362,One_RAD27165,One_RAD56448,One_RAD72071,One_RAD82702,One_RAD90464
2010AC19003_S9_L001_R1_001_V3_Genotyper_Out,931392,328976,35.32,91.42,3.47,AA,AC,TT,GT,CC,00,CC,AC,TT,CC,AA,00,CC,TT,AG,AA,CC,AA,AC,CC,TT,00,AA,AC,AG,00,AA,AA,CT,TT,GG,AC,00,AG,CT,CC,CC,AG,AA,00,AG,AG,GT,00,00,TT,AA,CT,CC,00,00,GG,AA,CT,00,AA,AT,GG,TT,CC,TT,CC,AA,CT,AG,AG,AC,AG,CG,TT,CC,GG,00,AC,00,AG,AA,AA,AG,TT,TT,CC,CC,AC,CC,CG,TT,GT,GG,GT,TT,AA,00,AA,GG,CT,CC,GG,GG,AA,GG,CC,GG,CT,CT,CC,AC,AC,CT,CC,CT,AA,GG,AA,TT,00,GG,AT,AT,AC,AG,00,CT,AG,CC,CT,AC,GT,AA,GT,TT,GG,CC,CT,CG,TT,CC,GG,00,AA,AT,GG,AA,00,AC,TT,GT,CC,GT,AG,AC,CT,GG,AG,GG,CC,TT,CC,AG,GG,GT,AC,GT,CC,CT,CT,AT,TT,GG,TT,AA,AC,GG,GT,CT,GG,CT,GT,AG,CC,AG,CT,GT,CT,GG,00,CT,GG,00,AT,CT,GT,CC,TT,CG,GG,CT,AG,CT,AG,TT,AC,TT,AG,GG,CC,AA,CC,GG,CT,AA,CG,AC,AG,CT,CT,CC,GT,GT,CC,AA,AA,TT,CC,AC,GG,CT,GG,GG,CC,CT,CT,GG,
2010AC19006_S10_L001_R1_001_V3_Genotyper_Out,264331,93932,35.54,92.70,1.57,AC,CC,CT,GT,CT,00,CC,AC,CT,CC,AG,00,00,GG,AG,AA,CT,AG,AC,AA,CT,00,AG,AA,AA,00,AA,AC,TT,CT,GG,AC,00,AG,CT,AC,CG,AG,GG,CT,GG,AG,GG,00,00,TT,AT,CC,CC,AT,00,TT,AG,CC,AG,GG,AT,CG,TT,CT,CT,CT,AT,CT,AG,AG,AA,AA,CG,TT,CC,AA,00,AC,CC,AG,AG,AA,AA,CC,GT,AA,CT,CC,TT,CC,GT,GG,GG,GT,CC,AA,00,AG,GG,CT,AC,GG,CG,AC,CG,AA,GG,CT,TT,00,AC,AC,CT,AC,TT,AG,CG,CC,AT,CT,GT,AT,AT,CC,AG,00,CC,AG,CT,TT,AC,GT,CC,GT,CC,TT,AC,TT,CG,TT,CT,AG,00,AC,AT,AA,AT,00,AC,GT,GT,TT,GG,AG,CC,CT,GT,AA,AG,CC,CT,CT,AG,GT,GG,CC,GT,CC,CC,CT,AT,GT,AG,CT,GG,AA,AG,TT,CC,GG,CT,TT,AG,AC,AG,CT,TT,CT,GG,CC,CT,GG,00,TT,CT,TT,CG,TT,GG,GG,TT,AG,CT,AA,TT,AC,CT,00,GG,CT,AA,CT,AG,CT,AA,CG,AA,AG,CT,CC,GG,GG,GG,TT,AA,GG,TT,CT,AC,GG,CT,GG,GT,CC,CC,TT,GT,
2010AC19008_S11_L001_R1_001_V3_Genotyper_Out,1301783,406129,31.20,93.99,3.24,AC,AA,TT,GG,CT,00,AA,AC,TT,AC,GG,00,AA,GG,GG,AA,CC,AG,AA,AA,TT,00,GG,AA,AG,00,TT,AA,CT,CT,CC,CC,00,GG,CT,AA,CC,AG,AG,CT,AG,AG,TT,CT,00,TT,TT,CC,CC,AA,00,GG,AG,CT,00,AA,TT,CC,GT,CT,CT,CT,AA,CT,AA,AA,AC,AG,GG,TT,CG,AG,00,AC,CC,AG,AG,AA,GG,TT,TT,CC,CT,AC,CC,CC,TT,GG,GG,GT,TT,AG,00,AG,GG,TT,AA,TT,CG,CC,CG,AA,AA,CT,CT,CC,AC,CC,CT,AA,TT,AG,CC,CC,TT,00,TT,TT,TT,CC,AG,00,TT,GG,CT,TT,AA,TT,AC,GT,TT,GG,CC,CT,CC,TT,CC,GG,00,CC,AT,GG,AT,00,AC,GT,GT,CT,GT,GG,CC,CC,GT,AG,AG,CT,CT,CC,AG,GG,GT,CC,GT,TT,CT,CT,AT,GT,AG,CC,AA,AC,GG,GG,CT,AG,CT,GT,GG,AC,AG,CT,GT,TT,AG,AC,CT,CG,AG,AT,CT,GT,CG,CT,GG,CG,CC,GG,TT,GG,GT,AC,CT,AG,GG,CT,AA,CT,GG,TT,AA,GG,AC,AA,CT,CT,GG,GT,GT,CT,AA,AG,TT,CT,CC,AG,CT,GG,TT,CC,CC,TT,GT,
2010AC19015_S12_L001_R1_001_V3_Genotyper_Out,252023,98848,39.22,93.56,1.83,AA,AC,CC,GT,CT,00,AC,AC,CT,AC,GG,00,00,GG,AG,AA,TT,AG,AC,AA,CT,GG,AG,AA,GG,00,AT,AC,CC,CT,CG,CC,00,AG,CT,AC,GG,AA,AG,TT,GG,GG,GT,CT,00,TT,TT,CC,CC,TT,00,TT,GG,TT,00,AG,TT,CG,TT,CT,CT,CC,AA,CT,GG,GG,AC,AG,CG,CT,GG,AG,CC,AA,AC,AG,AG,AA,GG,CT,GT,AC,CC,AC,CT,CG,GG,GT,AG,GT,TT,AA,00,AG,CG,CC,CC,GG,CG,AC,GG,CC,AG,CT,CT,00,AC,CC,CT,AA,CC,AG,CC,CC,AT,CT,GG,AT,AT,AC,AG,00,CC,AG,TT,CC,AA,TT,AC,GT,TT,TT,AA,CT,CG,CC,TT,GG,00,AA,AT,GG,AT,00,AC,GG,GT,TT,GT,GG,CC,CT,GG,AG,AG,CT,CC,TT,00,GT,TT,AC,GT,CC,CT,CT,TT,TT,AG,CC,AA,AA,AG,TT,CT,GG,CT,GT,GG,CC,GG,CC,GG,CT,AG,AC,CT,GG,00,AT,CT,GG,CG,CT,GG,GG,TT,AG,CC,GG,GT,AC,TT,AG,GG,TT,AA,CC,AG,CT,AT,GG,CC,AA,CT,CC,CG,GT,GG,CT,AG,GG,GT,CT,AC,GG,CT,GG,GT,CC,TT,TT,GG,
2010AC19041_S17_L001_R1_001_V3_Genotyper_Out,288358,80258,27.83,88.41,2.93,AC,AA,TT,GT,CT,00,AA,AA,CT,AC,AG,00,00,GG,GG,AA,CT,GG,AA,AC,CT,CC,GG,AC,AA,00,TT,CC,CC,CC,CC,CC,00,GG,CT,AC,00,AG,AG,CT,GG,AA,GT,CC,00,TT,TT,CT,CC,TT,00,GT,AG,CC,00,AA,AT,CG,TT,CT,00,00,AT,CT,AA,AA,AC,AG,GG,CT,CG,AA,CG,CC,AC,GG,AA,AC,GG,00,GT,AC,CT,CC,CC,CC,TT,GG,GG,GT,CT,AA,00,AA,CG,CT,CC,GG,GG,AA,GG,AC,AG,CC,CC,CC,AA,AC,CT,AC,TT,GG,CG,AA,00,00,TT,TT,AA,CC,GG,00,CT,GG,CC,TT,CC,GT,AC,GG,TT,GG,AC,CC,CC,CT,00,AA,00,CC,AA,GG,00,00,AC,TT,GT,TT,GT,AG,CC,CT,GT,AA,GG,CT,CT,CT,00,GT,GT,AC,GG,CC,CT,CT,AT,TT,AA,CT,AA,AA,GG,GT,TT,AG,TT,GG,AA,CC,AG,CT,GG,CT,AG,00,TT,CG,00,TT,TT,GT,CG,TT,CG,CG,CT,AA,CC,AG,TT,00,CT,AG,GG,CT,00,CC,GG,CC,AA,CG,CC,AA,CC,CT,CG,GT,GT,TT,AA,00,GT,CC,CC,GG,00,GG,GT,CC,CT,TT,GT,
2010AC19047_S13_L001_R1_001_V3_Genotyper_Out,1465140,484657,33.08,92.27,2.13,AA,AA,TT,GT,TT,00,CC,AC,TT,CC,AA,00,CC,GG,AG,AA,TT,GG,CC,CC,CC,CG,AA,AA,AA,00,TT,AC,CT,CT,GG,CC,00,AG,TT,AC,CC,GG,AA,TT,AG,AG,GT,00,00,TT,AT,CT,CC,TT,00,GT,AA,CT,AG,GG,AT,CG,TT,CT,TT,CC,AA,TT,AG,AG,AA,AG,GG,TT,CC,AA,00,CC,00,AG,AG,AA,GG,CT,GG,AC,CT,AA,CT,CC,TT,TT,GG,GT,CT,GG,00,AG,GG,CC,AC,TT,CC,CC,CC,CC,AG,CT,CT,00,CC,CC,TT,AC,CT,GG,CG,CC,TT,CC,GT,TT,AA,CC,AG,00,TT,AG,CT,TT,AA,GT,AC,GG,CC,GG,00,CT,CG,CC,CC,AG,00,AC,TT,GG,TT,00,AC,GT,GG,CT,GG,GG,AC,CT,GT,AG,AG,TT,CT,CC,AG,GG,GT,AA,GT,CT,CT,CT,AT,TT,AG,TT,GG,AC,AG,GT,CT,AG,CT,TT,AA,AC,AA,CT,GT,TT,00,CC,CT,GG,00,TT,CC,GT,CG,TT,GG,GG,CT,AA,CC,AG,TT,CC,CT,GG,GG,CT,AC,CT,AG,CT,AA,CG,AC,00,CC,CC,CG,TT,GT,TT,AA,GG,GG,CC,CC,AG,CT,GG,GT,CC,CT,TT,GT,
2010AC19049_S14_L001_R1_001_V3_Genotyper_Out,387460,114971,29.67,92.70,2.70,CC,AA,CT,TT,CT,00,AC,AA,CT,AC,AG,00,00,GT,GG,AA,CT,GG,CC,AC,TT,GG,AG,AC,AG,00,TT,AA,TT,CC,00,CC,00,00,CT,AA,CG,AA,GG,TT,GG,AG,GT,00,00,TT,TT,CT,CC,AA,00,GT,GG,CC,AG,AG,TT,CG,TT,CT,TT,00,TT,CT,AG,GG,CC,AG,CG,TT,CC,GG,CG,CC,CC,AG,GG,AC,GG,CT,TT,AC,CT,CC,CT,CG,TT,GG,GG,GG,CT,AA,00,AG,CC,CT,AA,GG,CC,CC,GG,AC,AA,CC,CT,CC,CC,CC,TT,AC,CC,AG,CC,CC,AT,CT,GT,TT,AT,CC,AG,00,CT,AG,CC,CT,AA,GT,AC,TT,TT,GT,AA,TT,CC,CC,CC,AG,00,AA,AA,GG,00,00,AA,TT,GT,CC,GT,AG,CC,TT,GT,AG,GG,CT,CT,CT,GG,GG,TT,CC,GT,CC,CT,TT,AT,GG,GG,CT,AA,AA,AG,GT,CC,AA,CT,GG,AG,AC,AA,CC,GG,CT,AA,AA,TT,CG,00,TT,TT,GT,CC,TT,GG,GG,CT,AG,TT,GG,TT,AC,CC,AG,GG,TT,AA,CT,AA,CT,AA,CC,CC,AA,CT,CC,GG,TT,TT,CT,AG,GG,GG,CC,AC,AG,CT,GG,GT,CC,CT,TT,GT,
2010AC19050_S15_L001_R1_001_V3_Genotyper_Out,689484,236179,34.25,93.56,3.23,CC,AC,CC,GG,CC,00,AC,AC,TT,AC,AG,00,00,GT,GG,AA,CT,GG,AC,AC,TT,GG,AG,AC,GG,00,AT,CC,CC,CT,CG,AC,00,AA,CC,AC,CC,GG,AG,00,AA,AA,TT,00,00,TT,AA,CT,CC,TT,00,GT,AA,CC,00,AA,AA,CC,TT,CT,CT,CT,AA,CC,GG,AG,CC,GG,CC,CC,CG,AG,CC,AA,00,AG,AG,AA,AA,CT,TT,AC,CT,AA,CT,CC,GT,GT,AA,GT,CT,AG,00,AA,GG,CC,CC,TT,CG,AC,CG,AC,AG,CT,CT,CC,AC,AC,CT,CC,CT,AA,CG,CC,TT,CC,GT,AT,AA,CC,AG,00,TT,AG,CT,CT,AA,GT,AA,TT,CT,GG,AA,CT,CG,CT,CT,AG,00,AA,TT,AG,AT,00,AC,GG,GT,CT,GG,AG,AC,CT,GG,AA,AA,TT,CC,CT,AG,GT,GT,AA,GG,CT,TT,TT,AT,TT,GG,CT,AG,AA,GG,TT,CT,AA,CT,TT,AG,AC,AA,CC,GG,CT,GG,AA,CC,CC,AG,TT,CC,GT,CC,TT,CG,GG,CT,AA,CT,AG,GT,AC,CT,AG,GG,TT,AA,CT,GG,CT,AT,CC,CC,AA,CC,CC,CG,GG,GG,CC,AG,AG,GG,CC,AC,AG,CT,GG,TT,CC,CC,TT,GT,
2010AC19057_S16_L001_R1_001_V3_Genotyper_Out,712444,214188,30.06,90.13,3.21,AC,CC,TT,GT,CT,00,AC,CC,TT,CC,AG,00,00,TT,GG,AA,TT,GG,AC,AA,TT,CG,AA,AC,GG,00,TT,AA,TT,CT,GG,AC,00,AA,TT,CC,00,AG,GG,TT,AG,AG,GG,00,00,TT,TT,CT,CC,TT,00,GT,AA,TT,00,AA,AT,CC,GT,CC,CT,CC,AT,CC,AA,AG,AA,AG,CC,CT,CC,GG,00,AC,00,AG,AG,AA,AG,TT,TT,AC,CT,AA,CT,CG,GG,TT,GG,GG,CT,AA,00,AG,GG,CT,CC,TT,CG,AA,GG,AC,GG,CC,TT,CC,AC,AC,CT,CC,TT,AG,CG,AA,00,CT,GG,AT,AA,AC,AG,00,TT,GG,CT,CT,AC,GG,AA,TT,TT,GG,00,CT,CG,CT,CT,AG,00,AC,TT,AA,00,00,AC,00,GT,CC,GT,GG,CC,CT,GT,AG,AG,CC,CC,CC,00,GT,GT,AA,GT,TT,CT,TT,TT,GG,GG,CT,AA,AC,GG,TT,TT,AG,TT,GG,GG,AC,AG,CC,GG,TT,AG,CC,CT,CG,AG,TT,TT,GT,CC,CT,GG,CG,CT,AA,CC,AG,GT,AC,TT,00,GG,CT,00,CT,AG,CC,AA,CG,AC,AA,CT,CT,GG,GT,GT,CC,AG,AG,GG,CT,AC,GG,CT,GG,TT,CC,CC,TT,TT,
2010AC19091_S18_L001_R1_001_V3_Genotyper_Out,989427,334066,33.76,93.56,5.01,AA,AC,CC,GT,TT,00,AC,CC,CT,AA,GG,00,00,GT,GG,AA,CC,AA,AA,CC,CT,GG,AG,CC,AG,00,AA,AA,CC,CT,CG,AA,00,00,CT,AA,CC,AA,AA,CT,GG,GG,GG,CT,00,TT,AA,CT,CC,TT,00,GT,GG,TT,GG,AG,AA,CC,GG,CT,CT,CT,TT,00,AG,AG,AA,AG,CG,TT,CG,AG,CG,AC,00,AG,AG,AA,AA,TT,GG,AC,CC,CC,CC,CG,GT,GT,AA,GT,TT,AG,00,AG,CC,TT,AC,GT,GG,CC,GG,AC,AG,CT,CC,CC,AC,AC,CC,CC,CT,GG,CC,AC,TT,CT,GT,AT,AA,AC,AG,00,TT,AG,CC,CT,AC,GT,AA,GT,CC,GG,AA,CC,CG,CC,CT,AG,00,AA,AT,GG,AT,00,AC,GT,GT,CC,GG,GG,CC,TT,TT,AG,GG,TT,CT,TT,AA,TT,GG,AC,TT,TT,TT,CT,TT,GG,AG,CT,GG,CC,AG,TT,TT,AG,CT,TT,AG,AC,AA,CT,GT,TT,AG,CC,CT,CG,AG,AT,TT,GT,GG,TT,CG,CC,TT,AG,TT,AG,GT,AC,TT,GG,GG,CC,AC,CT,GG,TT,AT,CG,CC,00,CT,TT,CG,TT,TT,CT,AG,AA,GT,CT,AA,AA,CT,GG,TT,CC,TT,TT,GG,
2010AC19096_S21_L001_R1_001_V3_Genotyper_Out,735422,240121,32.65,93.99,3.67,CC,CC,CC,GT,CC,00,CC,AC,CC,CC,AA,00,00,GT,AG,AA,CT,GG,AA,CC,TT,CG,AA,AC,AG,00,AT,CC,CC,CC,CG,CC,00,AA,CC,AA,CG,AG,AG,00,AG,GG,GT,CT,00,TT,AT,TT,CC,AT,00,GT,AG,CC,00,AG,AT,GG,GG,CC,TT,TT,TT,CT,AG,AA,AC,AA,CG,TT,CG,GG,CG,CC,CC,AG,AG,AA,AG,CT,GT,AC,CC,AC,TT,GG,GT,GG,AA,GT,CT,AG,00,AG,CG,CT,AA,GT,CC,AA,GG,AC,AG,CC,TT,CC,CC,AC,CT,AC,TT,AA,GG,CC,AT,CT,TT,TT,AT,AA,AG,00,TT,AG,CT,CT,AC,TT,AA,TT,TT,GT,AC,TT,CC,TT,CC,AG,00,AA,AA,AA,AT,00,AA,GG,GG,CT,TT,AG,AA,CT,GG,AA,AG,TT,CC,CT,00,TT,GT,AC,GT,CT,CT,CT,AT,TT,AA,TT,AA,AA,AA,GG,TT,AA,CC,GT,AG,AA,AG,CC,GT,TT,AA,AC,CT,CC,AG,TT,CT,GT,CG,CC,CG,GG,TT,GG,CC,GG,GG,CC,CT,GG,GG,CC,AC,TT,GG,CC,TT,CG,CC,AG,CT,CT,CC,TT,GT,TT,AA,AG,TT,CT,CC,AA,CT,GG,GT,CC,TT,CT,GG,
2010AC19098_S22_L001_R1_001_V3_Genotyper_Out,821460,327442,39.86,93.13,2.07,CC,AC,CT,GT,CC,00,AC,AC,CC,AC,AG,00,AC,GG,AA,AA,TT,AG,CC,CC,TT,CC,AA,AA,AA,00,TT,AC,CT,CT,GG,AC,00,AA,CC,AC,CG,AA,AA,CT,AG,GG,GG,CT,00,TT,AT,CT,CC,AA,00,GT,GG,CC,00,AA,AT,00,GG,CC,TT,CT,TT,CT,GG,AG,AA,AA,CG,TT,CC,AG,CC,AC,CC,AA,AG,AC,AG,CT,TT,AA,CT,AC,CT,CG,GT,GG,AA,TT,CC,GG,00,AA,CG,TT,AA,GT,CG,AC,CG,AA,AG,CC,TT,CC,AC,CC,CC,AC,TT,AA,CG,AC,TT,CC,GG,AA,AT,AA,AG,00,CT,AG,CT,CT,AC,TT,AC,TT,CT,TT,00,TT,CG,CT,CT,AG,00,AC,AA,AA,AT,00,AC,GT,GT,CC,GT,AG,AC,CC,GT,AA,AG,TT,CT,TT,AG,GT,GT,AA,GT,CT,TT,CC,AT,TT,AG,CT,AG,CC,AG,GG,TT,GG,CC,GT,AA,CC,AG,CT,GT,CT,AA,CC,CT,CC,00,AT,TT,TT,GG,TT,GG,CG,TT,GG,CC,GG,GT,AC,TT,GG,GG,CC,AC,CC,GG,CC,TT,CG,CC,GG,CT,CC,CG,GT,GT,CT,AG,AA,GT,TT,00,AA,CT,GG,TT,CC,TT,00,GG,
2010AC19099_S19_L001_R1_001_V3_Genotyper_Out,1106797,380828,34.41,94.42,4.50,AC,CC,CC,GT,CT,00,CC,AC,TT,AC,AA,00,AC,GT,AG,AA,CC,AA,AC,CC,CT,00,AG,AA,AG,00,AA,AC,CT,CT,CG,AC,00,GG,CC,CC,GG,AA,AA,CT,AA,GG,TT,CT,00,TT,AT,CT,CC,TT,00,TT,AG,TT,00,AG,AA,CC,GG,CT,CT,TT,AT,CT,AG,AG,AC,AA,CG,CC,CG,AG,CC,AC,CC,AA,AG,AC,AG,CT,GG,CC,CC,AA,CC,CC,GG,GT,AG,TT,CC,AA,00,AG,CC,CC,AC,GT,CG,AC,CC,CC,GG,TT,CC,CC,AC,CC,CT,AC,TT,AG,CG,CC,AA,CT,GG,TT,AA,CC,AA,00,TT,AG,CT,CC,CC,TT,AC,GG,TT,GT,CC,CC,GG,CT,CC,AG,00,AC,AT,AA,TT,00,AA,GT,GT,CC,GG,AG,AA,CC,GT,AA,AG,CC,CT,TT,GG,TT,GT,CC,TT,CC,CT,TT,TT,GT,AG,CC,AA,AA,AG,GG,CC,AG,CT,TT,GG,CC,GG,CC,TT,CT,AG,AC,TT,CG,00,AT,CT,TT,GG,TT,CC,CG,TT,AG,CT,GG,TT,AC,TT,AG,GG,CT,AA,CC,GG,CT,AT,CG,CC,AG,CC,CT,CC,TT,GT,TT,GG,GG,TT,CT,CC,AG,CT,GG,TT,CC,CC,TT,TT,
2010AC19101_S23_L001_R1_001_V3_Genotyper_Out,1239009,427973,34.54,93.56,1.98,AC,AA,TT,GG,TT,00,AC,AC,CT,AC,AA,00,AA,GT,AG,AA,CC,AA,CC,AC,CT,GG,AG,AC,AG,00,AA,CC,CT,CT,CC,CC,00,AG,CT,AC,CC,AG,AA,00,GG,GG,GT,00,00,TT,TT,CT,CC,AT,00,GT,AG,CC,00,AA,AT,CC,TT,CT,CT,CT,TT,CC,GG,GG,CC,AG,CG,CT,CC,GG,CC,CC,AC,AG,GG,CC,AG,CC,GT,AA,CC,AC,CT,CG,GT,TT,AG,TT,TT,AA,00,AG,CC,CT,CC,GG,GG,AA,GG,AA,AG,CC,CT,00,CC,AC,CT,CC,CT,AG,CG,AA,AT,CT,GG,AA,TT,CC,GG,00,TT,AG,TT,CC,AA,TT,AA,GT,CT,GT,AC,CT,CG,TT,CT,AA,00,CC,AT,AG,AA,00,00,GG,GG,CT,GT,AG,AC,CT,TT,AG,GG,CC,CT,CT,AG,TT,TT,AC,GT,CC,TT,CT,AT,TT,AA,CC,AG,AC,GG,TT,CT,AG,CC,GT,GG,AC,AG,TT,TT,CT,GG,AA,CC,CC,GG,AT,CC,TT,CG,TT,CC,CC,TT,AG,TT,GG,TT,CC,TT,GG,GG,CT,AA,CT,GG,CC,AT,GG,AC,AG,CC,CC,CG,GG,GT,CT,AA,AG,GG,CT,AA,AA,CT,GG,TT,CC,CC,TT,TT,
2010AC19102_S20_L001_R1_001_V3_Genotyper_Out,1126561,361546,32.09,94.85,3.03,CC,AC,CT,GG,CT,00,AC,CC,TT,CC,GG,00,AA,GT,AG,AA,TT,AG,AA,AC,CT,GG,AG,CC,AA,00,AT,AC,CC,TT,GG,AC,00,AG,CT,AC,CG,AG,AA,CT,AG,AG,TT,CC,00,TT,AA,CT,CC,AT,00,GG,AG,CT,AG,AG,TT,CC,GT,CT,CT,CT,AT,TT,GG,GG,CC,AA,GG,CT,CG,GG,CG,AC,00,AA,GG,AC,AA,TT,TT,CC,CT,AC,CT,GG,GT,GT,AG,TT,CC,AA,00,AG,GG,TT,AC,GG,GG,CC,CG,AC,GG,CC,CT,CC,AC,AC,CC,AA,TT,GG,CC,CC,AA,CT,TT,TT,TT,CC,AA,00,TT,GG,TT,CT,AA,TT,AA,GG,CT,GT,00,CC,CC,CC,CT,AG,00,CC,AT,GG,TT,00,AC,GT,GG,CT,TT,AG,AC,CT,GT,GG,GG,CC,CT,CC,AG,GT,GT,AA,GT,CC,CT,CC,AA,GT,AG,CT,AG,CC,AA,GG,TT,AA,TT,GT,GG,CC,AG,TT,GT,CT,AG,AA,CT,CG,AG,AA,CT,GT,CC,CT,CG,CG,TT,GG,CT,GG,GG,AC,TT,GG,GG,CC,AC,CT,GG,CT,TT,CG,AA,GG,CC,CT,CG,TT,GT,TT,AA,AA,GG,CT,CC,AA,CT,GG,TT,CC,CT,TT,GT,
2010AC19105_S24_L001_R1_001_V3_Genotyper_Out,2115329,890243,42.09,93.99,1.89,AC,AC,CC,GT,CT,00,CC,AC,CT,CC,AG,00,AC,GT,GG,AA,CT,AA,AC,CC,CT,CG,AG,AA,AA,00,AA,AC,CT,TT,CG,AA,00,AG,CC,AC,CG,AG,AA,CT,AG,AG,GT,00,00,TT,TT,TT,CC,AT,00,GT,AG,CC,00,GG,AA,CG,GG,CT,TT,TT,AT,CT,GG,AG,AA,AG,GG,CT,CC,AG,CC,AA,CC,AA,AG,AC,AA,CT,GT,AC,CT,CC,CT,CG,GG,GT,AA,TT,CC,AG,00,GG,CG,TT,AA,GG,CG,AC,CG,CC,AG,CT,TT,00,AA,CC,CT,AC,TT,AA,CG,AA,AT,CT,TT,AT,AA,AA,GG,00,TT,AA,TT,CT,CC,GT,AC,GG,TT,TT,00,TT,GG,CC,TT,AG,CG,AC,TT,AG,AT,00,AC,TT,GT,CT,GT,AA,AC,TT,GT,AG,AA,CT,CT,TT,AG,TT,TT,AC,GT,CC,CT,CT,AT,TT,AG,CT,AA,AC,AA,GG,CT,AA,CC,TT,AG,AC,GG,CT,TT,CT,AA,CC,TT,CG,00,AT,CT,TT,GG,CC,GG,GG,CT,AG,CC,GG,TT,AC,TT,GG,GG,CC,AA,CC,GG,CT,TT,CC,CC,AA,CT,CC,GG,GG,GT,TT,AA,GG,GT,TT,CC,AA,CT,GG,GT,CC,CC,TT,GT,
2010AC19559_S3_L001_R1_001_V3_Genotyper_Out,1133993,365206,32.21,95.28,2.39,AC,AA,CT,TT,TT,00,AC,CC,CC,AA,AG,00,AA,GT,AG,AA,CT,AG,AA,AC,CT,CC,AG,AA,GG,00,AT,CC,CT,CC,CG,CC,00,GG,TT,AA,GG,GG,AA,CT,AG,AG,TT,00,00,TT,AT,CT,CC,AA,00,TT,AG,CC,AG,AG,AT,GG,GT,CT,CC,TT,AT,CC,AG,GG,AA,AG,CG,CT,GG,AG,CG,CC,AC,GG,AA,AC,AG,TT,TT,CC,CT,CC,TT,CG,GG,TT,AA,GG,TT,GG,00,AA,CC,CT,AC,GT,CG,AA,GG,AC,AA,CT,CT,CC,CC,AC,TT,AA,TT,GG,CG,AC,TT,CC,GT,AT,AT,AA,AA,00,CC,AG,TT,TT,AA,TT,AC,GT,CC,GT,CC,CT,CG,CC,TT,AA,00,AA,AT,GG,AT,00,AC,GG,GG,CT,GT,GG,AC,TT,GG,AG,AG,TT,CT,CC,AG,GG,GT,AA,GT,CC,CT,CT,AA,GT,GG,CC,GG,AA,AG,GG,CT,AG,CC,GG,AG,AC,AG,CT,GT,CC,GG,CC,CT,GG,AG,AA,CT,GT,GG,CC,CG,CG,CT,GG,CT,GG,TT,AC,CT,AG,GG,CT,AC,CC,GG,TT,TT,CG,AC,AG,CC,CT,CG,TT,GG,CT,AG,GG,GG,TT,AC,GG,CT,GG,GT,CC,TT,TT,GG,
2010AC19565_S4_L001_R1_001_V3_Genotyper_Out,996772,337594,33.87,93.56,2.43,AC,AC,CT,GT,CC,00,AC,AC,CC,AC,GG,00,AC,GT,AA,AA,CT,AA,CC,AC,CC,CC,AG,AC,AG,00,TT,CC,CT,TT,CC,AC,00,AG,CT,AC,CG,AG,AG,CT,AG,AG,TT,00,00,TT,AT,TT,CC,TT,00,GT,GG,TT,AG,AG,AT,GG,GG,CT,CT,CC,AA,TT,AG,AG,AC,AG,GG,CC,CC,AG,00,AC,AC,AA,GG,CC,AG,CT,TT,AC,CT,AC,TT,GG,GT,GG,AG,GT,TT,AG,00,GG,CG,CC,AC,GT,CG,AC,CG,AC,GG,CC,TT,00,AC,AA,CC,AC,TT,GG,CC,AA,AT,00,TT,AT,TT,AA,AG,00,CC,GG,CT,CC,AA,GT,AC,GG,CT,GG,CC,CC,CG,CT,TT,GG,00,CC,AT,AA,TT,00,AC,TT,GT,TT,GT,AG,AC,CT,GT,AA,AG,CC,TT,CT,AG,TT,GT,AC,GG,TT,CT,CT,AT,GG,AG,CT,AG,CC,AA,GT,TT,GG,CC,GG,GG,AC,AG,CT,GG,CT,AG,AC,CC,CC,00,AA,TT,GT,CG,CT,GG,GG,CT,GG,CC,GG,GT,AC,CT,GG,GG,CC,CC,CT,AG,CT,AA,GG,CC,AA,CT,CT,GG,GG,GG,CC,AA,AG,GG,CT,AC,AA,CT,GG,GG,CC,CT,TT,GT,
2010AC19685_S5_L001_R1_001_V3_Genotyper_Out,1080941,378216,34.99,93.56,2.55,CC,CC,CT,GT,TT,00,CC,AC,TT,AA,AG,00,AC,GT,AG,AA,TT,AG,AC,AC,TT,CC,AA,AA,GG,00,AA,CC,CT,TT,CC,CC,00,GG,CT,AC,CG,GG,AG,CT,AA,AG,TT,00,00,TT,AT,CC,CC,AT,00,GG,GG,TT,AG,AG,TT,GG,GG,TT,CT,CC,AA,CT,AG,GG,CC,AA,CC,CT,CG,AG,00,CC,00,AG,GG,CC,GG,CT,GG,AC,TT,AC,CC,CC,GT,GT,GG,GG,TT,AG,00,GG,CG,CT,AA,GT,CC,AC,CG,AA,AG,CT,CT,00,AA,AC,CC,AC,CC,GG,CC,AA,AA,00,GT,AA,AT,AC,AG,00,CT,GG,TT,TT,AC,TT,AC,GG,CT,TT,CC,TT,CC,CT,TT,AG,00,AA,AT,GG,AA,00,AA,GT,GG,CT,GT,GG,AA,CT,GT,AG,GG,CC,CT,CT,AG,GG,GT,AA,TT,CT,CC,CT,AT,GG,GG,CT,AG,AC,AA,GT,CT,AA,CT,GT,GG,AC,AG,CT,GT,TT,AG,AA,CC,GG,AG,AT,CT,GT,GG,CT,CG,CG,TT,GG,CT,GG,GT,CC,TT,GG,GG,CC,CC,CC,GG,TT,AT,CC,AC,AG,TT,CT,GG,GT,GG,CT,AA,AG,GG,CT,CC,GG,CT,GT,GG,CC,CC,TT,TT,
2010AC19689_S6_L001_R1_001_V3_Genotyper_Out,314578,92263,29.33,92.70,2.89,AA,AC,TT,GT,CT,00,CC,AA,CT,AA,AG,00,00,TT,AG,AA,CT,AA,AC,CC,CT,00,AA,AC,GG,00,TT,CC,CC,CC,CC,AC,00,AG,CT,AA,00,GG,AG,CT,AA,AA,GT,CC,00,TT,AA,TT,CC,TT,00,GG,AA,TT,AG,AG,TT,GG,GT,CT,CC,CT,AT,CC,GG,AA,AA,AG,CG,CT,CG,GG,CC,AC,00,AG,GG,AC,AG,TT,GT,CC,CC,CC,TT,CC,GG,GG,AG,TT,CT,AG,00,AA,CG,CC,AC,TT,GG,CC,CG,CC,AG,CT,CC,CC,AC,AA,CT,AA,CT,AG,CG,AC,TT,CC,GG,AT,AT,AA,AA,00,CT,AG,TT,CC,AA,TT,AA,GT,TT,GT,AA,CT,CC,CC,CT,AA,00,AC,TT,AG,AA,00,AC,TT,GT,TT,GT,AG,AA,CC,GT,AG,AG,CT,TT,CT,00,GT,TT,AC,TT,CC,CT,CT,AA,GG,AG,CC,AA,CC,AG,GG,CT,GG,TT,GT,AG,AC,GG,CT,GG,TT,AG,CC,CC,CG,00,AT,CC,GT,CG,CT,CC,CC,TT,GG,CT,GG,GT,AC,TT,GG,GG,CC,AA,CC,GG,CT,AA,CC,CC,00,CT,CT,GG,GG,GT,TT,AA,GG,GG,CT,CC,AA,CT,GG,GT,CC,TT,TT,GT,
2010AC19909_S1_L001_R1_001_V3_Genotyper_out.txtOut,1596639,513382,32.15,94.85,3.65,AC,CC,CT,GT,CT,00,AC,CC,TT,AC,AA,00,AA,GT,GG,AA,CT,AA,AA,CC,CT,CG,AG,AC,AG,00,TT,AC,CC,TT,CC,AA,00,GG,TT,AC,CG,AG,AA,CT,AG,AA,GG,CC,00,TT,TT,CT,CC,TT,00,GG,AG,CT,AG,GG,TT,GG,TT,CT,CT,TT,TT,CT,GG,GG,CC,AG,CC,CC,CG,AG,CG,AA,AC,GG,AA,CC,GG,CC,GT,AA,CC,AC,CT,CG,GG,GT,GG,TT,CC,AG,00,AG,GG,CT,CC,GT,GG,AC,CG,AC,AG,CC,CT,00,AC,AC,CT,CC,CT,AG,CC,AC,AA,CT,GG,AT,TT,AA,GG,00,CT,AG,CT,CT,CC,GT,AA,GG,CT,GT,00,CT,GG,TT,TT,GG,00,CC,TT,GG,AT,00,AC,GT,GT,TT,GT,AG,AC,CT,TT,AG,AA,CT,CC,CT,GG,GT,GT,AA,GT,CT,CC,CT,AT,GT,AA,CT,AG,CC,AA,GG,TT,AG,TT,TT,GG,CC,GG,CT,TT,CC,GG,AA,CC,CG,AG,AA,CT,TT,CG,CC,CC,CG,CT,GG,TT,GG,GG,AC,TT,GG,GG,CC,AC,CC,GG,CT,AT,CC,AC,AG,CC,CT,GG,GG,TT,TT,AG,GG,GT,CT,AA,GG,CC,GG,GG,CC,TT,TT,GG,
2010AC19938_S7_L001_R1_001_V3_Genotyper_Out,1052397,366630,34.84,92.27,3.16,AA,AC,TT,TT,CT,00,AC,CC,CC,AC,AA,00,00,GT,AA,AA,TT,AG,AC,AC,CC,CC,AA,AA,AG,00,TT,AA,CC,CT,CG,CC,00,AG,CT,AA,CC,AA,AA,00,AG,GG,GT,00,00,TT,AT,TT,CC,TT,00,GT,GG,TT,GG,AG,AT,GG,GG,TT,CT,CC,AA,TT,AA,GG,AC,AG,CG,CT,CG,AG,CC,AC,00,GG,AG,CC,AG,CC,GT,AC,CT,AA,CC,GG,GT,GG,AA,GT,CC,AG,00,AG,CC,TT,CC,TT,CG,AC,CG,AC,AA,TT,TT,00,CC,AC,TT,AA,CT,AG,CG,AC,AA,00,GG,AA,AT,AC,AG,00,TT,AG,CT,CT,AC,TT,AA,GT,CT,TT,00,TT,CG,CT,CT,AG,00,CC,TT,AG,AT,00,AA,TT,GT,TT,TT,AA,AA,CC,TT,GG,GG,CC,TT,CC,AG,GT,TT,AA,GT,00,CC,CT,AT,GT,GG,CC,AG,AC,AG,GT,TT,AG,CT,GT,AA,AC,GG,TT,GT,CT,GG,AC,CT,CC,AG,AT,CT,GG,CG,CT,GG,CG,TT,AG,CT,GG,GT,AC,CT,GG,GG,CC,AC,CC,GG,CT,TT,CG,AC,AG,TT,CT,GG,GT,GG,TT,AG,GG,GG,CT,CC,AG,CT,GG,GG,CC,CT,TT,GG,
2010AC19940_S8_L001_R1_001_V3_Genotyper_Out,719695,228623,31.77,93.56,3.83,AA,AA,CC,GT,CC,00,AC,CC,TT,CC,GG,00,00,GT,GG,AA,CT,GG,CC,AA,CT,CC,AG,AC,AG,00,TT,AC,CT,CT,CG,CC,00,GG,CT,AC,GG,AA,AA,TT,AA,GG,GG,CT,00,TT,AT,CT,CC,AT,00,TT,AG,TT,GG,AG,TT,GG,GG,CC,TT,CC,AT,CC,AG,AG,CC,GG,GG,TT,GG,AG,00,CC,CC,GG,AG,AA,AA,CC,GT,CC,CT,CC,CT,CG,GT,GG,AG,GG,TT,AA,00,AG,CG,CT,AA,GT,CG,AA,CG,CC,AG,CT,CT,CC,AA,CC,CC,AA,CC,AG,CG,CC,AT,00,GT,AT,AT,AC,AG,00,CT,AG,CT,CT,CC,GT,AC,GT,CT,GT,CC,CT,CG,CT,TT,AG,00,AC,AT,AG,TT,00,AC,TT,GT,CT,TT,AG,AC,TT,GT,AG,GG,CC,CT,CT,AG,GT,GG,AA,TT,CT,TT,TT,AT,GT,GG,CT,AG,CC,AG,GT,CT,GG,CC,GT,AG,CC,AA,CT,GG,CT,GG,AA,CT,CG,00,AT,CT,GT,CC,CT,CG,CG,CT,AG,CT,GG,TT,AC,CT,00,GG,CT,AC,CT,AG,TT,TT,GG,CC,AA,CT,CC,CC,GG,GG,CC,AG,GG,GT,TT,AC,GG,CT,GG,GT,CC,TT,TT,GG,
2010AC20099_S2_L001_R1_001_V3_Genotyper_out.txtOut,1468971,530038,36.08,93.13,2.37,AC,AA,TT,GG,TT,00,CC,CC,CC,AA,AG,00,CC,GT,AG,AA,TT,AG,AC,AC,CT,CC,GG,AC,AG,00,AA,AC,TT,CC,CC,AC,00,AG,CT,AC,GG,AG,AA,TT,AG,AG,GG,00,00,TT,AA,TT,CC,TT,00,TT,GG,TT,00,AA,AT,GG,GT,TT,CT,CC,AT,TT,AG,GG,CC,AG,CC,TT,GG,AG,00,AC,00,AG,AA,AC,AA,TT,GT,AA,CT,CC,CC,CC,GT,GT,GG,GT,TT,AG,00,AA,GG,CT,CC,TT,CC,AC,GG,AA,AG,CC,TT,00,AC,AC,CT,AC,CC,AG,CC,AC,TT,CT,GG,AA,AT,AC,AA,00,CT,AA,TT,CT,AA,GT,AC,GT,CC,GT,CC,CT,CC,CC,CT,AG,00,CC,AT,AG,AA,00,00,GG,TT,TT,GG,AG,AA,CT,TT,AG,AG,CT,CT,CT,GG,GG,GG,AC,GT,CT,CT,TT,AA,GT,GG,CT,GG,CC,AG,GG,CT,AG,CC,GT,AG,AC,GG,CT,TT,CT,AG,AA,CT,GG,GG,AA,CT,GT,CG,TT,CC,CG,TT,AG,CT,GG,GT,CC,TT,AG,GG,CC,AC,CC,GG,CT,AT,CG,AA,AG,CT,TT,GG,GT,GT,CT,AG,GG,GT,CC,AC,GG,CC,GG,GG,CC,TT,CT,GG,
